{
  "data": [
    {
      "id": 1,
      "cb_name": "1#汇流箱0101",
      "inv_pos": 0,
      "model_id": 3,
      "cb_url": "1#汇流箱0101",
      "inv_id": 1
    },
    {
      "id": 2,
      "cb_name": "1#汇流箱0102",
      "inv_pos": 1,
      "model_id": 3,
      "cb_url": "1#汇流箱0102",
      "inv_id": 1
    },
    {
      "id": 3,
      "cb_name": "1#汇流箱0103",
      "inv_pos": 2,
      "model_id": 3,
      "cb_url": "1#汇流箱0103",
      "inv_id": 1
    },
    {
      "id": 4,
      "cb_name": "1#汇流箱0104",
      "inv_pos": 3,
      "model_id": 3,
      "cb_url": "1#汇流箱0104",
      "inv_id": 1
    },
    {
      "id": 5,
      "cb_name": "1#汇流箱0105",
      "inv_pos": 4,
      "model_id": 3,
      "cb_url": "1#汇流箱0105",
      "inv_id": 1
    },
    {
      "id": 6,
      "cb_name": "1#汇流箱0106",
      "inv_pos": 5,
      "model_id": 3,
      "cb_url": "1#汇流箱0106",
      "inv_id": 1
    },
    {
      "id": 7,
      "cb_name": "1#汇流箱0107",
      "inv_pos": 6,
      "model_id": 3,
      "cb_url": "1#汇流箱0107",
      "inv_id": 1
    },
    {
      "id": 8,
      "cb_name": "1#汇流箱0108",
      "inv_pos": 7,
      "model_id": 3,
      "cb_url": "1#汇流箱0108",
      "inv_id": 1
    },
    {
      "id": 9,
      "cb_name": "1#汇流箱0201",
      "inv_pos": 0,
      "model_id": 3,
      "cb_url": "1#汇流箱0201",
      "inv_id": 2
    },
    {
      "id": 10,
      "cb_name": "1#汇流箱0202",
      "inv_pos": 1,
      "model_id": 3,
      "cb_url": "1#汇流箱0202",
      "inv_id": 2
    },
    {
      "id": 11,
      "cb_name": "1#汇流箱0203",
      "inv_pos": 2,
      "model_id": 3,
      "cb_url": "1#汇流箱0203",
      "inv_id": 2
    },
    {
      "id": 12,
      "cb_name": "1#汇流箱0204",
      "inv_pos": 3,
      "model_id": 3,
      "cb_url": "1#汇流箱0204",
      "inv_id": 2
    },
    {
      "id": 13,
      "cb_name": "1#汇流箱0205",
      "inv_pos": 4,
      "model_id": 3,
      "cb_url": "1#汇流箱0205",
      "inv_id": 2
    },
    {
      "id": 14,
      "cb_name": "1#汇流箱0206",
      "inv_pos": 5,
      "model_id": 3,
      "cb_url": "1#汇流箱0206",
      "inv_id": 2
    },
    {
      "id": 15,
      "cb_name": "1#汇流箱0207",
      "inv_pos": 6,
      "model_id": 3,
      "cb_url": "1#汇流箱0207",
      "inv_id": 2
    },
    {
      "id": 16,
      "cb_name": "1#汇流箱0208",
      "inv_pos": 7,
      "model_id": 3,
      "cb_url": "1#汇流箱0208",
      "inv_id": 2
    },
    {
      "id": 17,
      "cb_name": "1#汇流箱0209",
      "inv_pos": 8,
      "model_id": 3,
      "cb_url": "1#汇流箱0209",
      "inv_id": 2
    }
  ],
  "comb_count": 17
}